"Path","HasComment","HasHeader","Functions","DocumentedFunctions","GitCreated","GitModified"
"D:/project/portfoliio/src/app/api/history/route.ts","True","False","1","0","2026-02-24T13:58:13+08:00","2026-02-24T13:58:13+08:00"
"D:/project/portfoliio/src/app/api/proxy/route.ts","True","False","1","0","2026-02-11T15:16:06+08:00","2026-03-12T11:36:58+08:00"
"D:/project/portfoliio/src/app/api/wallpaper/route.ts","True","False","2","0","2026-02-10T17:12:04+08:00","2026-02-26T10:29:13+08:00"
"D:/project/portfoliio/src/app/api/weather/route.ts","True","False","1","0","2026-02-13T15:49:57+08:00","2026-03-03T16:00:39+08:00"
"D:/project/portfoliio/src/app/sandbox/page.tsx","True","False","5","0","2026-02-12T11:48:31+08:00","2026-02-12T16:31:31+08:00"
"D:/project/portfoliio/src/app/layout.tsx","False","False","1","0","2026-02-02T17:47:11+08:00","2026-02-26T13:10:29+08:00"
"D:/project/portfoliio/src/app/page.tsx","True","False","1","0","2026-02-02T17:47:11+08:00","2026-02-24T15:36:31+08:00"
"D:/project/portfoliio/src/apps/ai-chat/components/chat/BuilderTimeline.tsx","True","False","13","0","2026-03-05T10:10:31+08:00","2026-03-10T18:39:56+08:00"
"D:/project/portfoliio/src/apps/ai-chat/components/chat/ChatHeader.tsx","True","False","2","0","2026-03-05T10:10:31+08:00","2026-03-10T18:39:56+08:00"
"D:/project/portfoliio/src/apps/ai-chat/components/chat/ChatInput.tsx","True","False","3","0","2026-03-05T10:10:31+08:00","2026-03-05T10:10:31+08:00"
"D:/project/portfoliio/src/apps/ai-chat/components/chat/InteractivePromptDialog.tsx","True","False","5","0","2026-03-05T18:29:08+08:00","2026-03-06T18:53:01+08:00"
"D:/project/portfoliio/src/apps/ai-chat/components/chat/MarkdownRenderer.tsx","True","False","6","0","2026-03-05T10:10:31+08:00","2026-03-05T10:10:31+08:00"
"D:/project/portfoliio/src/apps/ai-chat/components/chat/MessageItem.tsx","True","False","3","0","2026-03-05T10:10:31+08:00","2026-03-09T15:40:12+08:00"
"D:/project/portfoliio/src/apps/ai-chat/components/chat/MessageList.tsx","True","False","4","0","2026-03-05T10:10:31+08:00","2026-03-05T10:10:31+08:00"
"D:/project/portfoliio/src/apps/ai-chat/components/chat/ThinkingProcess.tsx","True","False","2","0","2026-03-05T10:10:31+08:00","2026-03-05T10:10:31+08:00"
"D:/project/portfoliio/src/apps/ai-chat/components/chat/TimelineNode.tsx","True","False","4","0","2026-03-05T10:10:31+08:00","2026-03-05T10:10:31+08:00"
"D:/project/portfoliio/src/apps/ai-chat/components/ChatArea.tsx","True","False","6","0","2026-02-25T16:42:02+08:00","2026-03-09T14:08:46+08:00"
"D:/project/portfoliio/src/apps/ai-chat/components/Sidebar.tsx","True","False","11","0","2026-02-25T16:42:02+08:00","2026-03-10T18:39:56+08:00"
"D:/project/portfoliio/src/apps/ai-chat/hooks/useChatActions.ts","False","False","1","0","2026-03-05T10:10:31+08:00","2026-03-05T10:10:31+08:00"
"D:/project/portfoliio/src/apps/ai-chat/hooks/useCloudLLM.ts","True","False","11","0","2026-02-27T17:45:58+08:00","2026-03-12T11:36:58+08:00"
"D:/project/portfoliio/src/apps/ai-chat/hooks/useWebLLM.ts","True","False","8","0","2026-02-15T19:29:04+08:00","2026-03-12T11:36:58+08:00"
"D:/project/portfoliio/src/apps/ai-chat/store/useChatStore.ts","True","False","4","0","2026-02-25T16:42:02+08:00","2026-03-04T12:02:46+08:00"
"D:/project/portfoliio/src/apps/ai-chat/utils/date.ts","False","False","2","0","2026-02-25T16:42:02+08:00","2026-02-26T10:29:13+08:00"
"D:/project/portfoliio/src/apps/ai-chat/utils/storage.ts","False","False","0","0","2026-02-25T16:42:02+08:00","2026-02-25T16:42:02+08:00"
"D:/project/portfoliio/src/apps/ai-chat/utils/systemTools.ts","True","False","12","0","2026-02-26T10:29:13+08:00","2026-03-12T15:14:07+08:00"
"D:/project/portfoliio/src/apps/ai-chat/worker/llm.worker.ts","True","False","0","0","2026-02-15T19:29:04+08:00","2026-02-26T13:10:29+08:00"
"D:/project/portfoliio/src/apps/ai-chat/index.tsx","False","False","1","0","2026-02-15T19:29:04+08:00","2026-02-27T17:45:58+08:00"
"D:/project/portfoliio/src/apps/ai-chat/manifest.tsx","True","False","0","0","2026-02-15T19:29:04+08:00","2026-02-27T17:45:58+08:00"
"D:/project/portfoliio/src/apps/ai-chat/types.ts","True","False","7","0","2026-02-25T16:42:02+08:00","2026-03-12T15:14:07+08:00"
"D:/project/portfoliio/src/apps/browser/AppLoader.tsx","True","False","3","0","2026-03-12T11:36:58+08:00","2026-03-12T11:36:58+08:00"
"D:/project/portfoliio/src/apps/browser/index.tsx","True","False","5","0","2026-02-09T15:24:01+08:00","2026-03-12T11:36:58+08:00"
"D:/project/portfoliio/src/apps/browser/manifest.tsx","True","False","0","0","2026-02-09T15:24:01+08:00","2026-03-06T18:53:01+08:00"
"D:/project/portfoliio/src/apps/code-runner/App.tsx","True","False","8","0","2026-02-26T10:29:13+08:00","2026-03-05T15:53:26+08:00"
"D:/project/portfoliio/src/apps/code-runner/manifest.tsx","False","False","0","0","2026-02-26T10:29:13+08:00","2026-02-26T10:29:13+08:00"
"D:/project/portfoliio/src/apps/emulator/components/EmulatorSidebar.tsx","True","False","3","0","2026-02-15T10:54:46+08:00","2026-02-15T10:54:46+08:00"
"D:/project/portfoliio/src/apps/emulator/components/EmulatorTerminal.tsx","True","False","4","0","2026-02-15T10:54:46+08:00","2026-02-15T10:54:46+08:00"
"D:/project/portfoliio/src/apps/emulator/hooks/useImageDownloader.ts","True","False","1","0","2026-02-15T10:34:31+08:00","2026-02-15T10:34:31+08:00"
"D:/project/portfoliio/src/apps/emulator/services/ImageStorage.ts","True","False","1","0","2026-02-15T10:34:31+08:00","2026-02-26T13:10:29+08:00"
"D:/project/portfoliio/src/apps/emulator/config.ts","True","False","1","0","2026-02-15T10:34:31+08:00","2026-02-15T10:34:31+08:00"
"D:/project/portfoliio/src/apps/emulator/index.tsx","True","False","6","0","2026-02-15T10:34:31+08:00","2026-02-26T13:10:29+08:00"
"D:/project/portfoliio/src/apps/emulator/manifest.tsx","False","False","0","0","2026-02-15T10:34:31+08:00","2026-02-15T10:34:31+08:00"
"D:/project/portfoliio/src/apps/file-explorer/components/BatchProgressDialog.tsx","True","False","3","0","2026-02-11T17:00:54+08:00","2026-03-04T11:18:40+08:00"
"D:/project/portfoliio/src/apps/file-explorer/components/FileList.tsx","True","False","16","0","2026-02-11T16:12:46+08:00","2026-03-12T15:14:07+08:00"
"D:/project/portfoliio/src/apps/file-explorer/components/FileUploadZone.tsx","True","False","2","0","2026-02-11T17:00:54+08:00","2026-03-03T15:06:10+08:00"
"D:/project/portfoliio/src/apps/file-explorer/components/ImageViewer.tsx","True","False","4","0","2026-02-09T15:24:01+08:00","2026-02-26T13:10:29+08:00"
"D:/project/portfoliio/src/apps/file-explorer/components/PreviewPanel.tsx","True","False","7","0","2026-03-05T10:10:31+08:00","2026-03-12T15:14:07+08:00"
"D:/project/portfoliio/src/apps/file-explorer/components/Sidebar.tsx","True","False","8","0","2026-02-11T16:12:46+08:00","2026-03-05T10:10:31+08:00"
"D:/project/portfoliio/src/apps/file-explorer/components/StatusBar.tsx","True","False","4","0","2026-02-11T16:12:46+08:00","2026-03-12T15:14:07+08:00"
"D:/project/portfoliio/src/apps/file-explorer/components/TextEditor.tsx","False","False","2","0","2026-02-09T15:24:01+08:00","2026-02-09T15:24:01+08:00"
"D:/project/portfoliio/src/apps/file-explorer/components/Toolbar.tsx","True","False","7","0","2026-02-11T16:12:46+08:00","2026-03-06T18:53:01+08:00"
"D:/project/portfoliio/src/apps/file-explorer/hooks/useBatchOperation.ts","True","False","4","4","2026-02-13T18:02:21+08:00","2026-03-04T11:18:40+08:00"
"D:/project/portfoliio/src/apps/file-explorer/hooks/useFileNavigation.ts","True","False","1","4","2026-02-13T18:02:21+08:00","2026-02-13T18:02:21+08:00"
"D:/project/portfoliio/src/apps/file-explorer/hooks/useFileOperations.ts","True","False","1","1","2026-02-13T16:09:26+08:00","2026-03-12T11:36:58+08:00"
"D:/project/portfoliio/src/apps/file-explorer/hooks/useFileSearch.ts","True","False","4","6","2026-03-04T11:18:40+08:00","2026-03-04T11:18:40+08:00"
"D:/project/portfoliio/src/apps/file-explorer/hooks/useKeyboardShortcuts.ts","True","False","3","0","2026-02-13T16:09:26+08:00","2026-02-13T16:09:26+08:00"
"D:/project/portfoliio/src/apps/file-explorer/hooks/useStorageInfo.ts","True","False","3","0","2026-02-24T17:12:38+08:00","2026-02-24T17:12:38+08:00"
"D:/project/portfoliio/src/apps/file-explorer/preview/ArchivePreviewProvider.tsx","True","False","4","0","2026-02-16T13:15:30+08:00","2026-02-16T13:15:30+08:00"
"D:/project/portfoliio/src/apps/file-explorer/preview/AudioPreviewProvider.tsx","True","False","7","0","2026-02-16T13:15:30+08:00","2026-02-26T13:10:29+08:00"
"D:/project/portfoliio/src/apps/file-explorer/preview/CodePreviewProvider.tsx","True","False","3","0","2026-02-11T17:00:54+08:00","2026-02-26T13:10:29+08:00"
"D:/project/portfoliio/src/apps/file-explorer/preview/DefaultPreviewProvider.tsx","True","False","0","0","2026-02-11T16:12:46+08:00","2026-02-11T16:12:46+08:00"
"D:/project/portfoliio/src/apps/file-explorer/preview/DocPreviewProvider.tsx","True","False","3","0","2026-02-11T16:12:46+08:00","2026-02-13T10:49:42+08:00"
"D:/project/portfoliio/src/apps/file-explorer/preview/ImagePreviewProvider.tsx","True","False","1","0","2026-02-11T16:12:46+08:00","2026-02-11T16:12:46+08:00"
"D:/project/portfoliio/src/apps/file-explorer/preview/MarkdownPreviewProvider.tsx","True","False","2","0","2026-02-16T13:15:30+08:00","2026-02-16T13:15:30+08:00"
"D:/project/portfoliio/src/apps/file-explorer/preview/PreviewContainer.tsx","True","False","4","0","2026-02-11T16:12:46+08:00","2026-02-16T13:15:30+08:00"
"D:/project/portfoliio/src/apps/file-explorer/preview/TextPreviewProvider.tsx","True","False","2","0","2026-02-11T16:12:46+08:00","2026-02-11T16:12:46+08:00"
"D:/project/portfoliio/src/apps/file-explorer/preview/VideoPreviewProvider.tsx","True","False","2","0","2026-02-11T16:12:46+08:00","2026-02-12T16:40:56+08:00"
"D:/project/portfoliio/src/apps/file-explorer/utils/fileIcons.ts","True","False","2","0","2026-02-11T19:11:54+08:00","2026-03-06T18:53:01+08:00"
"D:/project/portfoliio/src/apps/file-explorer/index.tsx","True","True","8","14","2026-02-09T15:24:01+08:00","2026-03-12T11:36:58+08:00"
"D:/project/portfoliio/src/apps/file-explorer/manifest.tsx","True","False","0","0","2026-02-09T15:24:01+08:00","2026-03-05T10:10:31+08:00"
"D:/project/portfoliio/src/apps/music-player/components/Equalizer.tsx","True","False","1","0","2026-02-10T17:12:04+08:00","2026-02-26T13:10:29+08:00"
"D:/project/portfoliio/src/apps/music-player/components/Visualizer.tsx","True","False","2","0","2026-02-10T17:12:04+08:00","2026-02-26T13:10:29+08:00"
"D:/project/portfoliio/src/apps/music-player/hooks/useAudioSystem.ts","True","False","4","0","2026-02-10T17:12:04+08:00","2026-02-13T10:49:42+08:00"
"D:/project/portfoliio/src/apps/music-player/index.tsx","True","False","27","0","2026-02-09T16:41:14+08:00","2026-02-26T13:10:29+08:00"
"D:/project/portfoliio/src/apps/music-player/manifest.tsx","True","False","0","0","2026-02-09T16:41:14+08:00","2026-02-12T15:39:48+08:00"
"D:/project/portfoliio/src/apps/notepad/index.tsx","True","False","7","0","2026-02-09T16:08:01+08:00","2026-03-04T11:18:40+08:00"
"D:/project/portfoliio/src/apps/notepad/manifest.tsx","True","False","0","0","2026-02-09T16:08:01+08:00","2026-02-12T15:39:48+08:00"
"D:/project/portfoliio/src/apps/photo-gallery/components/GalleryItem.tsx","True","False","2","0","2026-02-13T10:49:42+08:00","2026-02-20T21:30:19+08:00"
"D:/project/portfoliio/src/apps/photo-gallery/index.tsx","True","False","5","0","2026-02-09T16:41:14+08:00","2026-03-04T11:18:40+08:00"
"D:/project/portfoliio/src/apps/photo-gallery/manifest.tsx","True","False","0","0","2026-02-09T16:41:14+08:00","2026-02-12T15:39:48+08:00"
"D:/project/portfoliio/src/apps/portfolio-hub/components/About.tsx","True","False","4","0","2026-02-06T09:49:02+08:00","2026-02-06T13:59:06+08:00"
"D:/project/portfoliio/src/apps/portfolio-hub/components/Contact.tsx","True","False","3","0","2026-02-06T09:49:02+08:00","2026-02-06T09:49:02+08:00"
"D:/project/portfoliio/src/apps/portfolio-hub/components/Lab.tsx","True","False","1","0","2026-02-06T09:49:02+08:00","2026-02-06T13:59:06+08:00"
"D:/project/portfoliio/src/apps/portfolio-hub/components/Logs.tsx","True","False","1","0","2026-02-06T09:49:02+08:00","2026-02-06T13:59:06+08:00"
"D:/project/portfoliio/src/apps/portfolio-hub/components/MusicPlayer.tsx","True","False","6","0","2026-02-06T09:49:02+08:00","2026-02-26T15:05:00+08:00"
"D:/project/portfoliio/src/apps/portfolio-hub/components/Projects.tsx","True","False","3","0","2026-02-06T09:49:02+08:00","2026-02-26T13:10:29+08:00"
"D:/project/portfoliio/src/apps/portfolio-hub/components/Resume.tsx","True","False","2","0","2026-02-06T09:49:02+08:00","2026-02-06T09:49:02+08:00"
"D:/project/portfoliio/src/apps/portfolio-hub/components/Services.tsx","True","False","2","0","2026-02-06T09:49:02+08:00","2026-02-06T09:49:02+08:00"
"D:/project/portfoliio/src/apps/portfolio-hub/context/ProjectContext.tsx","False","False","2","0","2026-02-06T13:59:06+08:00","2026-02-06T13:59:06+08:00"
"D:/project/portfoliio/src/apps/portfolio-hub/index.tsx","True","False","9","0","2026-02-06T09:49:02+08:00","2026-02-26T13:10:29+08:00"
"D:/project/portfoliio/src/apps/portfolio-hub/manifest.tsx","True","False","0","0","2026-02-06T13:59:06+08:00","2026-02-12T15:39:48+08:00"
"D:/project/portfoliio/src/apps/portfolio-hub/SplashScreen.tsx","True","False","2","0","2026-02-06T14:55:58+08:00","2026-02-06T14:55:58+08:00"
"D:/project/portfoliio/src/apps/recycle-bin/index.tsx","True","False","8","0","2026-02-09T16:08:01+08:00","2026-03-05T10:10:31+08:00"
"D:/project/portfoliio/src/apps/recycle-bin/manifest.tsx","True","False","0","0","2026-02-09T16:08:01+08:00","2026-02-12T15:39:48+08:00"
"D:/project/portfoliio/src/apps/sandbox-test/manifest.tsx","True","False","0","0","2026-02-12T11:48:31+08:00","2026-02-12T15:39:48+08:00"
"D:/project/portfoliio/src/apps/settings/components/about/AboutMeTab.tsx","True","False","2","0","2026-02-28T16:20:16+08:00","2026-02-28T16:20:16+08:00"
"D:/project/portfoliio/src/apps/settings/components/about/AboutProjectTab.tsx","True","False","3","0","2026-02-28T16:20:16+08:00","2026-02-28T16:20:16+08:00"
"D:/project/portfoliio/src/apps/settings/components/DevTools.tsx","True","False","12","0","2026-02-19T19:33:30+08:00","2026-03-05T10:10:31+08:00"
"D:/project/portfoliio/src/apps/settings/components/InfoCard.tsx","False","False","1","0","2026-02-13T10:49:42+08:00","2026-02-13T10:49:42+08:00"
"D:/project/portfoliio/src/apps/settings/components/InfoRow.tsx","False","False","1","0","2026-02-13T10:49:42+08:00","2026-02-13T10:49:42+08:00"
"D:/project/portfoliio/src/apps/settings/components/SettingSection.tsx","False","False","1","0","2026-02-13T10:49:42+08:00","2026-02-13T10:49:42+08:00"
"D:/project/portfoliio/src/apps/settings/components/SettingSidebar.tsx","False","False","2","0","2026-02-13T10:49:42+08:00","2026-02-24T17:12:38+08:00"
"D:/project/portfoliio/src/apps/settings/components/TechStackGrid.tsx","False","False","1","0","2026-02-13T10:49:42+08:00","2026-02-16T11:38:16+08:00"
"D:/project/portfoliio/src/apps/settings/components/ThemeOption.tsx","False","False","1","0","2026-02-13T10:49:42+08:00","2026-02-13T10:49:42+08:00"
"D:/project/portfoliio/src/apps/settings/components/ToggleSwitch.tsx","True","False","1","0","2026-02-13T10:49:42+08:00","2026-02-13T10:49:42+08:00"
"D:/project/portfoliio/src/apps/settings/hooks/useSystemInfo.ts","True","False","2","0","2026-02-13T10:49:42+08:00","2026-02-13T10:49:42+08:00"
"D:/project/portfoliio/src/apps/settings/hooks/useUptime.ts","True","False","2","0","2026-02-13T10:49:42+08:00","2026-02-13T10:49:42+08:00"
"D:/project/portfoliio/src/apps/settings/panels/AboutPanel.tsx","True","False","1","0","2026-02-13T10:49:42+08:00","2026-02-28T16:20:16+08:00"
"D:/project/portfoliio/src/apps/settings/panels/AccountPanel.tsx","False","False","1","0","2026-02-13T10:49:42+08:00","2026-02-13T10:49:42+08:00"
"D:/project/portfoliio/src/apps/settings/panels/AppearancePanel.tsx","True","False","7","0","2026-02-13T10:49:42+08:00","2026-03-09T14:08:46+08:00"
"D:/project/portfoliio/src/apps/settings/panels/DataPanel.tsx","True","False","9","0","2026-02-24T18:56:24+08:00","2026-03-05T10:10:31+08:00"
"D:/project/portfoliio/src/apps/settings/panels/DeveloperPanel.tsx","True","False","1","0","2026-03-12T11:36:58+08:00","2026-03-12T11:36:58+08:00"
"D:/project/portfoliio/src/apps/settings/panels/DisplayPanel.tsx","False","False","1","0","2026-02-13T10:49:42+08:00","2026-02-24T17:38:48+08:00"
"D:/project/portfoliio/src/apps/settings/panels/LanguagePanel.tsx","False","False","1","0","2026-02-13T10:49:42+08:00","2026-02-13T10:49:42+08:00"
"D:/project/portfoliio/src/apps/settings/panels/NetworkPanel.tsx","True","False","5","0","2026-03-02T15:41:28+08:00","2026-03-03T16:00:39+08:00"
"D:/project/portfoliio/src/apps/settings/panels/SoundPanel.tsx","False","False","1","0","2026-02-13T10:49:42+08:00","2026-02-13T10:49:42+08:00"
"D:/project/portfoliio/src/apps/settings/constants.tsx","True","False","2","0","2026-02-13T10:49:42+08:00","2026-02-24T14:42:22+08:00"
"D:/project/portfoliio/src/apps/settings/index.tsx","True","False","1","0","2026-02-06T09:49:02+08:00","2026-03-12T11:36:58+08:00"
"D:/project/portfoliio/src/apps/settings/manifest.tsx","True","False","0","0","2026-02-06T13:59:06+08:00","2026-02-12T15:39:48+08:00"
"D:/project/portfoliio/src/apps/settings/types.ts","False","False","1","0","2026-02-13T10:49:42+08:00","2026-02-13T10:49:42+08:00"
"D:/project/portfoliio/src/apps/task-manager/index.tsx","True","False","4","0","2026-02-12T11:48:31+08:00","2026-02-24T15:36:31+08:00"
"D:/project/portfoliio/src/apps/task-manager/manifest.tsx","False","False","0","0","2026-02-12T11:48:31+08:00","2026-02-14T12:45:47+08:00"
"D:/project/portfoliio/src/apps/terminal/index.tsx","True","False","0","0","2026-02-09T16:08:01+08:00","2026-02-24T17:12:38+08:00"
"D:/project/portfoliio/src/apps/terminal/manifest.tsx","True","False","0","0","2026-02-09T16:08:01+08:00","2026-02-12T15:39:48+08:00"
"D:/project/portfoliio/src/apps/vscode-lite/components/layout/BottomPanel.tsx","True","False","2","0","2026-02-13T14:51:21+08:00","2026-02-13T15:31:46+08:00"
"D:/project/portfoliio/src/apps/vscode-lite/components/layout/EditorGroup.tsx","True","False","1","0","2026-02-13T14:51:21+08:00","2026-02-26T13:10:29+08:00"
"D:/project/portfoliio/src/apps/vscode-lite/components/layout/EditorGroupV2.tsx","True","True","1","1","2026-02-13T15:31:46+08:00","2026-02-26T15:26:04+08:00"
"D:/project/portfoliio/src/apps/vscode-lite/components/layout/Workbench.tsx","True","False","1","0","2026-02-13T14:51:21+08:00","2026-02-26T13:10:29+08:00"
"D:/project/portfoliio/src/apps/vscode-lite/components/ActivityBar.tsx","False","False","1","0","2026-02-13T10:49:42+08:00","2026-02-13T15:31:46+08:00"
"D:/project/portfoliio/src/apps/vscode-lite/components/CommandPalette.tsx","False","False","3","0","2026-02-13T14:51:21+08:00","2026-02-13T14:51:21+08:00"
"D:/project/portfoliio/src/apps/vscode-lite/components/ContextMenu.tsx","True","False","3","0","2026-02-13T14:51:21+08:00","2026-02-13T14:51:21+08:00"
"D:/project/portfoliio/src/apps/vscode-lite/components/Dialog.tsx","True","False","3","0","2026-02-13T14:51:21+08:00","2026-02-13T14:51:21+08:00"
"D:/project/portfoliio/src/apps/vscode-lite/components/Editor.tsx","True","False","1","0","2026-02-13T10:49:42+08:00","2026-02-13T15:31:46+08:00"
"D:/project/portfoliio/src/apps/vscode-lite/components/GitView.tsx","True","False","1","0","2026-02-13T14:51:21+08:00","2026-02-26T13:10:29+08:00"
"D:/project/portfoliio/src/apps/vscode-lite/components/Menubar.tsx","False","False","3","0","2026-02-13T14:51:21+08:00","2026-02-13T14:51:21+08:00"
"D:/project/portfoliio/src/apps/vscode-lite/components/Preview.tsx","True","False","3","0","2026-02-13T14:51:21+08:00","2026-02-13T14:51:21+08:00"
"D:/project/portfoliio/src/apps/vscode-lite/components/SearchPanel.tsx","True","False","2","0","2026-02-13T14:51:21+08:00","2026-02-13T15:31:46+08:00"
"D:/project/portfoliio/src/apps/vscode-lite/components/Sidebar.tsx","True","False","7","0","2026-02-13T10:49:42+08:00","2026-02-26T13:10:29+08:00"
"D:/project/portfoliio/src/apps/vscode-lite/components/StatusBar.tsx","True","False","5","0","2026-02-13T10:49:42+08:00","2026-02-13T15:31:46+08:00"
"D:/project/portfoliio/src/apps/vscode-lite/components/TitleBar.tsx","True","False","1","0","2026-02-13T10:49:42+08:00","2026-02-26T13:10:29+08:00"
"D:/project/portfoliio/src/apps/vscode-lite/hooks/useDialog.ts","True","False","2","0","2026-02-13T14:51:21+08:00","2026-02-13T14:51:21+08:00"
"D:/project/portfoliio/src/apps/vscode-lite/hooks/useEditorStateV2.ts","True","False","2","0","2026-02-13T15:31:46+08:00","2026-02-26T15:26:04+08:00"
"D:/project/portfoliio/src/apps/vscode-lite/hooks/useMonacoIntellisense.ts","True","False","2","0","2026-02-13T14:51:21+08:00","2026-02-13T14:51:21+08:00"
"D:/project/portfoliio/src/apps/vscode-lite/hooks/useMonacoIntellisenseV2.ts","True","False","3","0","2026-02-13T15:31:46+08:00","2026-02-26T15:05:00+08:00"
"D:/project/portfoliio/src/apps/vscode-lite/hooks/useUnsavedChanges.ts","True","False","2","0","2026-02-13T15:31:46+08:00","2026-02-13T15:31:46+08:00"
"D:/project/portfoliio/src/apps/vscode-lite/utils/fileIcons.tsx","True","False","1","0","2026-02-13T14:51:21+08:00","2026-02-13T14:51:21+08:00"
"D:/project/portfoliio/src/apps/vscode-lite/utils/formatter.ts","True","True","3","3","2026-02-13T15:31:46+08:00","2026-02-26T15:26:04+08:00"
"D:/project/portfoliio/src/apps/vscode-lite/utils/monacoLoader.ts","True","False","5","5","2026-02-13T16:09:26+08:00","2026-02-13T16:09:26+08:00"
"D:/project/portfoliio/src/apps/vscode-lite/constants.ts","False","False","0","0","2026-02-13T10:49:42+08:00","2026-02-13T10:49:42+08:00"
"D:/project/portfoliio/src/apps/vscode-lite/index.tsx","True","True","3","3","2026-02-09T16:41:14+08:00","2026-02-26T15:26:04+08:00"
"D:/project/portfoliio/src/apps/vscode-lite/manifest.tsx","True","False","0","0","2026-02-09T16:41:14+08:00","2026-02-13T14:51:21+08:00"
"D:/project/portfoliio/src/apps/weather/components/BentoCard.tsx","False","False","1","0","2026-02-10T23:47:53+08:00","2026-02-10T23:47:53+08:00"
"D:/project/portfoliio/src/apps/weather/components/HourlyChart.tsx","True","False","6","0","2026-02-10T23:47:53+08:00","2026-02-11T00:08:48+08:00"
"D:/project/portfoliio/src/apps/weather/components/RainCanvas.tsx","True","False","8","0","2026-02-10T23:47:53+08:00","2026-02-26T13:10:29+08:00"
"D:/project/portfoliio/src/apps/weather/components/WeatherBackground.tsx","True","False","10","0","2026-02-10T23:47:53+08:00","2026-02-10T23:47:53+08:00"
"D:/project/portfoliio/src/apps/weather/components/WindDirection.tsx","True","False","2","0","2026-02-10T23:47:53+08:00","2026-02-10T23:47:53+08:00"
"D:/project/portfoliio/src/apps/weather/utils/cache.ts","False","False","1","0","2026-02-10T23:47:53+08:00","2026-02-24T12:00:04+08:00"
"D:/project/portfoliio/src/apps/weather/utils/types.ts","True","False","4","0","2026-02-10T23:47:53+08:00","2026-02-10T23:47:53+08:00"
"D:/project/portfoliio/src/apps/weather/index.tsx","True","False","6","0","2026-02-10T18:39:17+08:00","2026-02-24T18:56:24+08:00"
"D:/project/portfoliio/src/apps/weather/manifest.tsx","True","False","0","0","2026-02-10T18:39:17+08:00","2026-02-13T10:49:42+08:00"
"D:/project/portfoliio/src/apps/yume/index.tsx","True","False","1","0","2026-02-19T22:18:18+08:00","2026-02-19T22:18:18+08:00"
"D:/project/portfoliio/src/apps/yume/manifest.tsx","True","False","0","0","2026-02-19T22:18:18+08:00","2026-02-27T17:45:58+08:00"
"D:/project/portfoliio/src/components/canvas/materials/HolographicMaterial.tsx","True","False","1","0","2026-02-05T17:02:35+08:00","2026-02-05T17:02:35+08:00"
"D:/project/portfoliio/src/components/canvas/ProjectStage.tsx","True","False","2","0","2026-02-05T17:02:35+08:00","2026-02-26T13:10:29+08:00"
"D:/project/portfoliio/src/components/canvas/Scene.tsx","True","False","4","0","2026-02-05T17:02:35+08:00","2026-02-26T13:10:29+08:00"
"D:/project/portfoliio/src/components/ui/IOSPicker.tsx","True","False","8","0","2026-02-05T17:02:35+08:00","2026-02-05T17:56:53+08:00"
"D:/project/portfoliio/src/lib/portfolio/data/en/arsenal.ts","False","False","0","0","2026-02-13T10:49:42+08:00","2026-02-13T10:49:42+08:00"
"D:/project/portfoliio/src/lib/portfolio/data/en/experience.ts","False","False","0","0","2026-02-13T10:49:42+08:00","2026-02-13T10:49:42+08:00"
"D:/project/portfoliio/src/lib/portfolio/data/en/lab.ts","False","False","0","0","2026-02-13T10:49:42+08:00","2026-02-13T10:49:42+08:00"
"D:/project/portfoliio/src/lib/portfolio/data/en/logs.ts","False","False","0","0","2026-02-13T10:49:42+08:00","2026-02-13T10:49:42+08:00"
"D:/project/portfoliio/src/lib/portfolio/data/en/projects.ts","False","False","0","0","2026-02-13T10:49:42+08:00","2026-02-13T10:49:42+08:00"
"D:/project/portfoliio/src/lib/portfolio/data/en/services.ts","False","False","0","0","2026-02-13T10:49:42+08:00","2026-02-13T10:49:42+08:00"
"D:/project/portfoliio/src/lib/portfolio/data/en/skills.ts","False","False","0","0","2026-02-13T10:49:42+08:00","2026-02-13T10:49:42+08:00"
"D:/project/portfoliio/src/lib/portfolio/data/en/work.ts","False","False","0","0","2026-02-13T10:49:42+08:00","2026-02-13T10:49:42+08:00"
"D:/project/portfoliio/src/lib/portfolio/data/zh/arsenal.ts","False","False","0","0","2026-02-13T10:49:42+08:00","2026-02-13T10:49:42+08:00"
"D:/project/portfoliio/src/lib/portfolio/data/zh/experience.ts","False","False","0","0","2026-02-13T10:49:42+08:00","2026-02-13T10:49:42+08:00"
"D:/project/portfoliio/src/lib/portfolio/data/zh/logs.ts","False","False","0","0","2026-02-13T10:49:42+08:00","2026-02-13T10:49:42+08:00"
"D:/project/portfoliio/src/lib/portfolio/data/zh/projects.ts","False","False","0","0","2026-02-13T10:49:42+08:00","2026-02-13T10:49:42+08:00"
"D:/project/portfoliio/src/lib/portfolio/data/zh/services.ts","False","False","0","0","2026-02-13T10:49:42+08:00","2026-02-13T10:49:42+08:00"
"D:/project/portfoliio/src/lib/portfolio/data/zh/skills.ts","False","False","0","0","2026-02-13T10:49:42+08:00","2026-02-13T10:49:42+08:00"
"D:/project/portfoliio/src/lib/portfolio/data/zh/work.ts","False","False","0","0","2026-02-13T10:49:42+08:00","2026-02-13T10:49:42+08:00"
"D:/project/portfoliio/src/lib/portfolio/constants.ts","True","False","0","0","2026-02-13T10:49:42+08:00","2026-02-13T10:49:42+08:00"
"D:/project/portfoliio/src/lib/portfolio/index.ts","True","False","0","0","2026-02-13T10:49:42+08:00","2026-02-13T10:49:42+08:00"
"D:/project/portfoliio/src/lib/portfolio/types.ts","False","False","8","0","2026-02-13T10:49:42+08:00","2026-02-13T10:49:42+08:00"
"D:/project/portfoliio/src/lib/data.ts","True","False","0","0","2026-02-05T17:02:35+08:00","2026-02-13T10:49:42+08:00"
"D:/project/portfoliio/src/lib/sound.ts","True","False","1","0","2026-02-05T17:02:35+08:00","2026-02-05T17:02:35+08:00"
"D:/project/portfoliio/src/lib/utils.ts","False","False","2","0","2026-02-05T17:02:35+08:00","2026-02-05T17:02:35+08:00"
"D:/project/portfoliio/src/os/components/ui/Slider.tsx","True","False","2","0","2026-03-03T11:31:19+08:00","2026-03-03T11:31:19+08:00"
"D:/project/portfoliio/src/os/components/SandboxedAppFrame.tsx","False","False","2","0","2026-02-12T11:48:31+08:00","2026-02-12T11:48:31+08:00"
"D:/project/portfoliio/src/os/components/Toast.tsx","True","False","6","0","2026-03-04T11:18:40+08:00","2026-03-12T15:14:07+08:00"
"D:/project/portfoliio/src/os/components/XTerm.tsx","True","True","6","5","2026-02-12T11:48:31+08:00","2026-03-06T18:53:01+08:00"
"D:/project/portfoliio/src/os/config/constants.ts","True","False","0","0","2026-02-09T12:44:39+08:00","2026-02-09T12:44:39+08:00"
"D:/project/portfoliio/src/os/config/csp.ts","True","False","0","0","2026-03-02T15:41:28+08:00","2026-03-12T11:36:58+08:00"
"D:/project/portfoliio/src/os/config/paths.ts","False","False","0","0","2026-03-04T11:18:40+08:00","2026-03-04T11:18:40+08:00"
"D:/project/portfoliio/src/os/hooks/useDesktopGrid.ts","True","False","2","0","2026-02-13T10:49:42+08:00","2026-03-04T11:18:40+08:00"
"D:/project/portfoliio/src/os/hooks/useDesktopInteraction.ts","True","False","1","2","2026-02-13T16:09:26+08:00","2026-03-10T16:59:04+08:00"
"D:/project/portfoliio/src/os/hooks/useFileDisplay.ts","True","False","1","0","2026-02-11T19:11:54+08:00","2026-02-15T10:34:31+08:00"
"D:/project/portfoliio/src/os/hooks/useFileSelection.ts","True","False","1","0","2026-02-11T19:11:54+08:00","2026-02-11T19:11:54+08:00"
"D:/project/portfoliio/src/os/hooks/useMountFolder.ts","True","False","1","2","2026-02-13T18:02:21+08:00","2026-02-13T18:02:21+08:00"
"D:/project/portfoliio/src/os/hooks/useWallpaper.ts","True","False","6","1","2026-02-13T16:09:26+08:00","2026-03-03T11:31:19+08:00"
"D:/project/portfoliio/src/os/hooks/useWindowDrag.ts","True","False","8","0","2026-02-13T10:49:42+08:00","2026-03-03T10:39:20+08:00"
"D:/project/portfoliio/src/os/hooks/useWindowResize.ts","True","False","5","0","2026-02-09T12:44:39+08:00","2026-02-26T13:10:29+08:00"
"D:/project/portfoliio/src/os/hooks/useWindowSnapshot.ts","True","False","1","0","2026-02-09T12:44:39+08:00","2026-02-25T12:45:55+08:00"
"D:/project/portfoliio/src/os/kernel/core-services/systemReset.ts","True","False","2","2","2026-03-05T10:10:31+08:00","2026-03-05T10:10:31+08:00"
"D:/project/portfoliio/src/os/kernel/filesystem/errors/FileSystemError.ts","False","False","1","0","2026-03-04T11:18:40+08:00","2026-03-04T11:18:40+08:00"
"D:/project/portfoliio/src/os/kernel/filesystem/middleware/syncMiddleware.ts","True","False","7","4","2026-02-13T18:02:21+08:00","2026-03-09T14:08:46+08:00"
"D:/project/portfoliio/src/os/kernel/filesystem/providers/StaticHttpProvider.ts","True","False","2","0","2026-03-04T11:18:40+08:00","2026-03-09T14:08:46+08:00"
"D:/project/portfoliio/src/os/kernel/filesystem/providers/VirtualFolderProvider.ts","True","False","2","0","2026-03-04T11:18:40+08:00","2026-03-04T11:18:40+08:00"
"D:/project/portfoliio/src/os/kernel/filesystem/slices/actionSlice.ts","True","False","5","0","2026-02-13T18:02:21+08:00","2026-03-12T15:14:07+08:00"
"D:/project/portfoliio/src/os/kernel/filesystem/slices/coreSlice.ts","True","False","2","0","2026-02-13T18:02:21+08:00","2026-03-09T14:08:46+08:00"
"D:/project/portfoliio/src/os/kernel/filesystem/slices/mountSlice.ts","True","False","10","2","2026-02-13T18:02:21+08:00","2026-03-12T15:14:07+08:00"
"D:/project/portfoliio/src/os/kernel/filesystem/utils/fileSystemWorkerClient.ts","True","False","3","1","2026-02-13T18:02:21+08:00","2026-02-14T12:45:47+08:00"
"D:/project/portfoliio/src/os/kernel/filesystem/utils/indexManager.ts","True","False","8","5","2026-02-13T18:02:21+08:00","2026-02-26T13:10:29+08:00"
"D:/project/portfoliio/src/os/kernel/filesystem/worker/fs.worker.ts","True","False","3","0","2026-02-11T15:16:06+08:00","2026-03-12T15:14:07+08:00"
"D:/project/portfoliio/src/os/kernel/filesystem/wrappers/PathNormalizationWrapper.ts","True","False","1","1","2026-03-04T11:18:40+08:00","2026-03-09T14:08:46+08:00"
"D:/project/portfoliio/src/os/kernel/filesystem/wrappers/ReadOnlyWrapper.ts","True","False","1","1","2026-03-04T11:18:40+08:00","2026-03-09T14:08:46+08:00"
"D:/project/portfoliio/src/os/kernel/filesystem/FileSystemClient.ts","True","False","2","1","2026-02-11T15:16:06+08:00","2026-03-12T11:36:58+08:00"
"D:/project/portfoliio/src/os/kernel/filesystem/IFileSystem.ts","True","False","2","1","2026-02-11T15:16:06+08:00","2026-02-12T16:40:56+08:00"
"D:/project/portfoliio/src/os/kernel/filesystem/IFileSystemProvider.ts","True","False","2","0","2026-03-04T11:18:40+08:00","2026-03-04T11:18:40+08:00"
"D:/project/portfoliio/src/os/kernel/filesystem/interfaces.ts","True","False","2","0","2026-03-04T11:18:40+08:00","2026-03-09T15:40:12+08:00"
"D:/project/portfoliio/src/os/kernel/filesystem/NativeDriver.ts","True","False","2","0","2026-02-11T15:16:06+08:00","2026-03-04T11:18:40+08:00"
"D:/project/portfoliio/src/os/kernel/locales/en.ts","True","False","1","0","2026-02-13T10:49:42+08:00","2026-03-12T11:36:58+08:00"
"D:/project/portfoliio/src/os/kernel/locales/index.ts","False","False","1","0","2026-02-13T10:49:42+08:00","2026-02-13T10:49:42+08:00"
"D:/project/portfoliio/src/os/kernel/locales/zh.ts","True","False","0","0","2026-02-13T10:49:42+08:00","2026-03-12T11:36:58+08:00"
"D:/project/portfoliio/src/os/kernel/process/simulator.ts","True","False","3","3","2026-02-13T10:49:42+08:00","2026-02-13T10:49:42+08:00"
"D:/project/portfoliio/src/os/kernel/process/types.ts","True","False","3","0","2026-02-13T10:49:42+08:00","2026-02-13T10:49:42+08:00"
"D:/project/portfoliio/src/os/kernel/worker/process.worker.ts","True","False","1","0","2026-02-14T12:45:47+08:00","2026-02-14T12:45:47+08:00"
"D:/project/portfoliio/src/os/kernel/AppLauncherService.ts","True","False","5","1","2026-03-10T16:59:04+08:00","2026-03-12T11:36:58+08:00"
"D:/project/portfoliio/src/os/kernel/DependencyCacheService.ts","True","False","13","0","2026-03-12T11:36:58+08:00","2026-03-12T15:14:07+08:00"
"D:/project/portfoliio/src/os/kernel/EventBus.ts","True","False","5","1","2026-02-13T16:09:26+08:00","2026-03-04T11:18:40+08:00"
"D:/project/portfoliio/src/os/kernel/initialFileTree.ts","True","False","3","0","2026-02-13T10:49:42+08:00","2026-03-12T11:36:58+08:00"
"D:/project/portfoliio/src/os/kernel/Kernel.ts","True","False","8","0","2026-02-12T11:48:31+08:00","2026-02-24T18:56:24+08:00"
"D:/project/portfoliio/src/os/kernel/LanguageContext.tsx","True","False","4","2","2026-02-06T09:49:02+08:00","2026-02-13T10:49:42+08:00"
"D:/project/portfoliio/src/os/kernel/syncService.ts","True","False","3","0","2026-02-13T10:49:42+08:00","2026-03-10T16:59:04+08:00"
"D:/project/portfoliio/src/os/kernel/SystemSettingsContext.tsx","True","False","3","2","2026-02-06T09:49:02+08:00","2026-02-13T10:49:42+08:00"
"D:/project/portfoliio/src/os/kernel/useClipboardStore.ts","True","False","3","0","2026-02-13T10:49:42+08:00","2026-02-13T10:49:42+08:00"
"D:/project/portfoliio/src/os/kernel/useContextMenuRegistry.ts","True","False","3","0","2026-03-05T10:10:31+08:00","2026-03-05T10:10:31+08:00"
"D:/project/portfoliio/src/os/kernel/useContextMenuStore.ts","True","False","4","0","2026-02-06T16:21:43+08:00","2026-03-05T10:10:31+08:00"
"D:/project/portfoliio/src/os/kernel/useDesktopStore.ts","True","False","2","0","2026-02-09T12:06:30+08:00","2026-02-09T15:24:01+08:00"
"D:/project/portfoliio/src/os/kernel/useDialogStore.ts","True","False","4","0","2026-02-11T16:39:26+08:00","2026-02-24T18:56:24+08:00"
"D:/project/portfoliio/src/os/kernel/useFavoritesStore.ts","False","False","1","0","2026-03-05T10:10:31+08:00","2026-03-05T10:10:31+08:00"
"D:/project/portfoliio/src/os/kernel/useFileSystemStore.legacy.ts","True","False","2","0","2026-02-13T18:02:21+08:00","2026-02-13T18:02:21+08:00"
"D:/project/portfoliio/src/os/kernel/useFileSystemStore.ts","True","False","6","0","2026-02-09T15:24:01+08:00","2026-03-06T18:53:01+08:00"
"D:/project/portfoliio/src/os/kernel/useLanguageStore.ts","True","False","3","0","2026-02-13T10:49:42+08:00","2026-02-15T10:34:31+08:00"
"D:/project/portfoliio/src/os/kernel/useProcessStore.ts","True","False","1","0","2026-02-12T11:48:31+08:00","2026-02-26T13:10:29+08:00"
"D:/project/portfoliio/src/os/kernel/useShortcuts.ts","True","False","4","1","2026-02-10T17:12:04+08:00","2026-02-10T17:12:04+08:00"
"D:/project/portfoliio/src/os/kernel/useSystemSettingsStore.ts","True","False","10","0","2026-02-13T10:49:42+08:00","2026-03-12T11:36:58+08:00"
"D:/project/portfoliio/src/os/kernel/useSystemStore.ts","False","False","1","0","2026-02-10T17:12:04+08:00","2026-02-10T17:12:04+08:00"
"D:/project/portfoliio/src/os/kernel/useTrashStore.ts","True","False","1","0","2026-02-13T10:49:42+08:00","2026-03-05T10:10:31+08:00"
"D:/project/portfoliio/src/os/kernel/useUIStore.ts","False","False","1","0","2026-02-11T16:39:26+08:00","2026-02-11T16:39:26+08:00"
"D:/project/portfoliio/src/os/kernel/useWebContainerStore.ts","True","False","14","0","2026-02-12T11:48:31+08:00","2026-03-12T15:14:07+08:00"
"D:/project/portfoliio/src/os/kernel/useWindowStore.ts","True","True","4","5","2026-02-06T13:59:06+08:00","2026-03-10T18:39:56+08:00"
"D:/project/portfoliio/src/os/kernel/WindowContext.tsx","False","False","3","0","2026-02-10T17:12:04+08:00","2026-02-13T14:51:21+08:00"
"D:/project/portfoliio/src/os/registry/config.tsx","True","False","2","0","2026-02-06T09:49:02+08:00","2026-03-02T15:41:28+08:00"
"D:/project/portfoliio/src/os/registry/types.ts","True","False","2","0","2026-02-06T13:59:06+08:00","2026-03-09T14:08:46+08:00"
"D:/project/portfoliio/src/os/sdk/hooks/useFileSystem.ts","True","False","1","0","2026-02-27T13:34:14+08:00","2026-02-27T13:34:14+08:00"
"D:/project/portfoliio/src/os/sdk/hooks/useProcess.ts","False","False","1","0","2026-02-27T13:34:14+08:00","2026-02-27T13:34:14+08:00"
"D:/project/portfoliio/src/os/sdk/index.ts","True","False","4","4","2026-02-06T13:59:06+08:00","2026-03-03T11:31:19+08:00"
"D:/project/portfoliio/src/os/sdk/system.ts","True","False","1","0","2026-02-27T13:34:14+08:00","2026-03-10T16:59:04+08:00"
"D:/project/portfoliio/src/os/security/PathValidator.ts","True","False","3","2","2026-02-13T16:09:26+08:00","2026-02-13T16:09:26+08:00"
"D:/project/portfoliio/src/os/services/FileContentCache.ts","True","False","2","1","2026-02-13T16:09:26+08:00","2026-02-13T16:09:26+08:00"
"D:/project/portfoliio/src/os/services/FileSystemIOService.ts","True","False","4","0","2026-02-13T16:09:26+08:00","2026-03-04T11:18:40+08:00"
"D:/project/portfoliio/src/os/services/FileSystemSyncService.ts","True","False","6","0","2026-02-13T16:09:26+08:00","2026-03-06T18:53:01+08:00"
"D:/project/portfoliio/src/os/services/PreviewService.ts","True","False","3","0","2026-02-11T16:12:46+08:00","2026-02-11T16:12:46+08:00"
"D:/project/portfoliio/src/os/system/context-menu/types.ts","True","False","1","0","2026-02-13T10:49:42+08:00","2026-03-05T10:10:31+08:00"
"D:/project/portfoliio/src/os/system/context-menu/useContextMenuItems.tsx","True","False","1","0","2026-02-13T10:49:42+08:00","2026-03-05T10:10:31+08:00"
"D:/project/portfoliio/src/os/system/context-menu/useDesktopMenuItems.tsx","True","False","3","0","2026-02-13T10:49:42+08:00","2026-03-10T16:59:04+08:00"
"D:/project/portfoliio/src/os/system/context-menu/useExplorerMenuItems.tsx","True","False","1","0","2026-02-13T10:49:42+08:00","2026-03-10T16:59:04+08:00"
"D:/project/portfoliio/src/os/system/context-menu/useFileMenuItems.tsx","True","False","5","0","2026-02-13T10:49:42+08:00","2026-03-10T16:59:04+08:00"
"D:/project/portfoliio/src/os/system/context-menu/useTaskbarMenuItems.tsx","True","False","1","0","2026-02-13T10:49:42+08:00","2026-02-20T22:06:03+08:00"
"D:/project/portfoliio/src/os/system/context-menu/useWeatherMenuItems.tsx","True","False","1","0","2026-02-13T10:49:42+08:00","2026-02-13T10:49:42+08:00"
"D:/project/portfoliio/src/os/system/context-menu/useWindowMenuItems.tsx","True","False","2","0","2026-02-13T10:49:42+08:00","2026-02-13T10:49:42+08:00"
"D:/project/portfoliio/src/os/system/desktop/DesktopBackground.tsx","True","False","5","0","2026-02-13T16:09:26+08:00","2026-03-03T11:31:19+08:00"
"D:/project/portfoliio/src/os/system/desktop/DesktopIcons.tsx","True","False","2","0","2026-02-13T16:09:26+08:00","2026-03-03T15:06:10+08:00"
"D:/project/portfoliio/src/os/system/desktop/DesktopWidgets.tsx","True","False","2","0","2026-02-13T16:09:26+08:00","2026-02-13T18:02:21+08:00"
"D:/project/portfoliio/src/os/system/desktop/SplashScreenPortal.tsx","True","False","2","0","2026-02-13T16:09:26+08:00","2026-02-13T16:09:26+08:00"
"D:/project/portfoliio/src/os/system/window/WindowGhostDrag.tsx","False","False","2","0","2026-02-13T10:49:42+08:00","2026-03-09T14:08:46+08:00"
"D:/project/portfoliio/src/os/system/window/WindowResizeHandles.tsx","True","False","2","0","2026-02-13T10:49:42+08:00","2026-02-13T10:49:42+08:00"
"D:/project/portfoliio/src/os/system/window/WindowRestorePreview.tsx","False","False","2","0","2026-02-13T10:49:42+08:00","2026-02-13T10:49:42+08:00"
"D:/project/portfoliio/src/os/system/window/WindowSnapPreview.tsx","False","False","2","0","2026-02-13T10:49:42+08:00","2026-02-13T10:49:42+08:00"
"D:/project/portfoliio/src/os/system/ActionCenter.tsx","True","False","3","0","2026-02-09T10:17:38+08:00","2026-02-24T15:36:31+08:00"
"D:/project/portfoliio/src/os/system/AppErrorBoundary.tsx","False","False","3","0","2026-02-06T13:59:06+08:00","2026-02-06T13:59:06+08:00"
"D:/project/portfoliio/src/os/system/CalendarWidget.tsx","True","False","5","0","2026-02-09T10:17:38+08:00","2026-02-26T15:05:00+08:00"
"D:/project/portfoliio/src/os/system/ContextMenu.tsx","True","False","8","0","2026-02-06T09:49:02+08:00","2026-03-09T14:08:46+08:00"
"D:/project/portfoliio/src/os/system/Desktop.tsx","True","True","5","6","2026-02-06T09:49:02+08:00","2026-03-09T14:08:46+08:00"
"D:/project/portfoliio/src/os/system/DesktopIcon.tsx","True","False","2","0","2026-02-13T10:49:42+08:00","2026-03-09T14:08:46+08:00"
"D:/project/portfoliio/src/os/system/GlobalDialogs.tsx","True","False","2","0","2026-02-11T16:39:26+08:00","2026-03-05T10:10:31+08:00"
"D:/project/portfoliio/src/os/system/GlobalShortcuts.tsx","True","False","4","0","2026-02-10T17:12:04+08:00","2026-02-13T18:02:21+08:00"
"D:/project/portfoliio/src/os/system/QuickSettings.tsx","True","False","4","0","2026-02-09T10:17:38+08:00","2026-02-24T17:38:48+08:00"
"D:/project/portfoliio/src/os/system/Shell.tsx","True","True","3","3","2026-02-06T09:49:02+08:00","2026-03-04T11:18:40+08:00"
"D:/project/portfoliio/src/os/system/SiteProtection.tsx","True","False","4","0","2026-02-06T09:49:02+08:00","2026-02-06T09:49:02+08:00"
"D:/project/portfoliio/src/os/system/StartMenu.tsx","True","False","6","0","2026-02-06T09:49:02+08:00","2026-02-24T15:51:04+08:00"
"D:/project/portfoliio/src/os/system/SystemClock.tsx","True","False","4","0","2026-02-06T10:41:15+08:00","2026-02-09T11:47:27+08:00"
"D:/project/portfoliio/src/os/system/Taskbar.tsx","True","False","5","0","2026-02-06T09:49:02+08:00","2026-03-09T14:08:46+08:00"
"D:/project/portfoliio/src/os/system/TaskbarItem.tsx","True","False","6","0","2026-02-10T21:16:33+08:00","2026-03-09T14:08:46+08:00"
"D:/project/portfoliio/src/os/system/WeatherWidget.tsx","True","False","6","0","2026-02-10T18:39:17+08:00","2026-02-24T12:00:04+08:00"
"D:/project/portfoliio/src/os/system/Window.tsx","True","False","4","0","2026-02-06T09:49:02+08:00","2026-03-09T14:08:46+08:00"
"D:/project/portfoliio/src/os/system/WindowPreview.tsx","True","False","1","0","2026-02-06T16:32:47+08:00","2026-03-06T18:53:01+08:00"
"D:/project/portfoliio/src/os/ui/dialogs/FilePickerDialog.tsx","True","False","9","0","2026-02-10T17:12:04+08:00","2026-03-05T10:10:31+08:00"
"D:/project/portfoliio/src/os/ui/file/FileGridItem.tsx","True","False","2","0","2026-02-11T19:11:54+08:00","2026-03-10T16:59:04+08:00"
"D:/project/portfoliio/src/os/ui/file/FileListItem.tsx","True","False","2","0","2026-02-11T19:11:54+08:00","2026-03-10T10:52:36+08:00"
"D:/project/portfoliio/src/os/ui/AppIcon.tsx","True","False","2","0","2026-02-09T18:59:40+08:00","2026-03-05T10:10:31+08:00"
"D:/project/portfoliio/src/os/ui/RenameInput.tsx","True","False","4","0","2026-02-11T16:39:26+08:00","2026-03-10T16:59:04+08:00"
"D:/project/portfoliio/src/os/ui/Tooltip.tsx","True","False","6","0","2026-02-09T10:50:18+08:00","2026-03-09T14:08:46+08:00"
"D:/project/portfoliio/src/os/ui/WindowTitleBar.tsx","True","False","2","0","2026-02-06T09:49:02+08:00","2026-03-12T11:36:58+08:00"
"D:/project/portfoliio/src/os/utils/autoFix.ts","True","False","3","2","2026-03-06T18:53:01+08:00","2026-03-06T18:53:01+08:00"
"D:/project/portfoliio/src/os/utils/color.ts","True","False","0","3","2026-02-24T15:36:31+08:00","2026-03-09T14:08:46+08:00"
"D:/project/portfoliio/src/os/utils/debugSync.ts","True","False","3","2","2026-03-06T18:53:01+08:00","2026-03-06T18:53:01+08:00"
"D:/project/portfoliio/src/os/utils/diagnosticSync.ts","True","False","4","3","2026-03-06T18:53:01+08:00","2026-03-06T18:53:01+08:00"
"D:/project/portfoliio/src/os/utils/grid.ts","True","False","3","0","2026-02-09T15:24:01+08:00","2026-02-09T15:24:01+08:00"
"D:/project/portfoliio/src/os/utils/logger.ts","True","False","0","1","2026-02-13T18:02:21+08:00","2026-02-13T18:02:21+08:00"
"D:/project/portfoliio/src/os/utils/LRUCache.ts","True","False","3","2","2026-03-04T11:18:40+08:00","2026-03-04T11:18:40+08:00"
"D:/project/portfoliio/src/os/utils/PerformanceMonitor.ts","True","False","3","1","2026-02-13T16:09:26+08:00","2026-03-09T14:08:46+08:00"
"D:/project/portfoliio/src/os/utils/quickSync.ts","True","False","6","3","2026-03-06T18:53:01+08:00","2026-03-06T18:53:01+08:00"
"D:/project/portfoliio/src/os/utils/syncVFSToWebContainer.ts","True","False","7","3","2026-03-06T18:53:01+08:00","2026-03-06T18:53:01+08:00"
"D:/project/portfoliio/src/os/utils/TarService.ts","True","False","4","0","2026-03-12T11:36:58+08:00","2026-03-12T15:14:07+08:00"
"D:/project/portfoliio/src/os/utils/terminalDebug.ts","True","False","2","1","2026-03-06T18:53:01+08:00","2026-03-06T18:53:01+08:00"
"D:/project/portfoliio/src/types/app.ts","True","False","2","0","2026-02-14T12:45:47+08:00","2026-02-14T12:45:47+08:00"
"D:/project/portfoliio/src/types/branded.ts","True","False","7","0","2026-02-13T16:09:26+08:00","2026-02-13T16:09:26+08:00"
"D:/project/portfoliio/src/types/file-system-access.d.ts","True","False","16","0","2026-02-13T16:09:26+08:00","2026-02-13T16:09:26+08:00"
"D:/project/portfoliio/src/types/filesystem.ts","True","False","2","2","2026-02-14T12:45:47+08:00","2026-02-14T12:45:47+08:00"
"D:/project/portfoliio/src/types/index.ts","False","False","0","0","2026-02-14T12:45:47+08:00","2026-02-14T12:45:47+08:00"
"D:/project/portfoliio/src/types/lunar-javascript.d.ts","False","False","4","0","2026-02-13T10:49:42+08:00","2026-02-13T10:49:42+08:00"
"D:/project/portfoliio/src/types/process.ts","True","False","3","0","2026-02-14T12:45:47+08:00","2026-02-14T12:45:47+08:00"
"D:/project/portfoliio/src/appConfig.ts","True","False","0","1","2026-02-27T17:45:58+08:00","2026-02-28T16:20:16+08:00"
"D:/project/portfoliio/src/middleware.ts","True","False","1","0","2026-03-02T15:41:28+08:00","2026-03-12T11:36:58+08:00"
"D:/project/portfoliio/scripts/copy-monaco.js","False","False","1","0","2026-02-13T14:51:21+08:00","2026-02-13T18:02:21+08:00"
"D:/project/portfoliio/scripts/generate-fs-manifest.js","True","False","1","0","2026-03-04T11:18:40+08:00","2026-03-04T11:18:40+08:00"
"D:/project/portfoliio/scripts/setup-v86.js","True","False","2","0","2026-02-15T10:34:31+08:00","2026-02-15T10:34:31+08:00"
